url,base_url,authors,title,summary,text,publish_date,top_image_url,keywords,insert_date
https://elpais.com/icon/2020-10-26/contratos-esclavistas-dietas-extremas-y-vigilancia-continua-que-hay-detras-de-la-aparente-perfeccion-del-pop-coreano.html,https://cincodias.elpais.com/tag/ibex_35/,"Juan Sanguino, The Chosunilbo Jns, Imazins Via Getty Images","Contratos leoninos, dietas extremas y vigilancia continua: qué hay detrás de la aparente perfección del pop coreano","Los Juegos Olímpicos de Seul en 1988 impulsaron la prosperidad económica de la nación, los mercados se abrieron y las restricciones en los medios de comunicación se relajaron.
Las operaciones más habituales entre las aspirantes a ídolos son en el párpado, en los pómulos, en la nariz y en la barbilla.
En 2013 el presidente Park Geun-hye declaró en su discurso inaugural que “en el siglo XXI, la cultura es poder”.
Park Kyung, de la banda Block B, ha señalado que la ansiedad y la soledad son sus compañeras de vida.
La cultura confuciana de Corea del Sur exige la sumisión ante la autoridad, en concreto ante la autoridad masculina.","En el documental de Netflix BlackPink: Light Up The Sky, las integrantes del fenómeno del k-pop BlackPink describen sin dramatismo alguno cómo pasaron todos sus años de adolescencia internadas en una academia. Sin apenas contacto con el mundo exterior, ensayaban 14 horas diarias con un solo día libre cada dos semanas. La industria del k-pop proyecta una imagen moderna, sana y positiva de Corea del Sur, pero su sistema de fabricación de estrellas esconde contratos abusivos, anulación del individuo y condiciones infrahumanas.

Los Juegos Olímpicos de Seul en 1988 impulsaron la prosperidad económica de la nación, los mercados se abrieron y las restricciones en los medios de comunicación se relajaron. Pero la crisis económica de 1997 obligó al gobierno surcoreano a neoliberalizar su economía, abriéndose al extranjero y permitiendo una mayor influencia de la cultura anglosajona. El k-pop nació con una formulación casi matemática: bases musicales sintéticas de hip hop, rock, eurodance, funk, reggae, techno, disco o country con sonidos africanos, árabes y asiáticos. Su estética de fantasía animada se adaptó a la mirada lasciva del erotismo occidental. El k-pop, un híbrido de todos los productos populares del planeta, es la sublimación de la globalización. Y todo gracias al concepto de “tecnología cultural” ideado en 1998 por Lee Soo-Man, fundador de la discográfica SM y arquitecto del k-pop.

“La era de la tecnología de la información dominó los noventa. Yo predije que después vendría la era de la tecnología cultural”, explicó Lee al semanario New Yorker. La primera estrella lanzada por Lee, el rapero Hyun Jin-young, estaba a punto de triunfar cuando fue arrestado por posesión de drogas. Lee se juró a sí mismo que no volvería a embarcarse en el arduo proceso de desarrollar a un artista que pudiera fallarle. Así que combinó sus conocimientos como ingeniero con su pasión musical y su ambición empresarial para elaborar un manual que él mismo bautizó como “Tecnología Cultural”. Todos los empleados de SM deben memorizar sus pautas: en qué momento del proceso hay que incorporar compositores, productores y coreógrafos extranjeros; qué progresiones de acordes usar en cada país; qué color de sombra de ojos funciona mejor en cada región; cómo deben moverse las manos al saludar según la cultura; o qué ángulos de cámara aplicar para los vídeos. Según esta estrategia, las estrellas musicales pueden construirse como se construye un teléfono móvil o un ordenador y el resultado es el mismo: influencia cultural, transformación social y crecimiento económico. En 2010 la revista de negocios japonesa Nikkei sacó al grupo Girls' Generation en portada definiéndolas como “el nuevo Samsung”.

Los ídolos surcoreanos son la cara visible de la neoliberalización de su país en su sentido más extremo: se trata de seres humanos cuyas identidades se manufacturan como si fuesen bienes de consumo. Al público occidental le gusta imaginarse a sus estrellas del pop como criaturas especiales pero imperfectas, cuyo talento proviene de un factor x (o una magia inexplicable) y cuyo carisma radica en su humanidad. En Estados Unidos las estrellas nacen, en Corea del Sur se fabrican. Las academias de ídolos instruyen a los aspirantes en canto, baile, idiomas, ejercicio, buenos modales, uso de redes sociales y trato con la prensa. El grupo surcoreano más exitoso de la historia, BTS, presume de practicar entre 12 y 15 horas al día. Los alumnos empiezan su formación en torno a los 11 años y, gracias a un software de simulación, la discográfica puede estimar cómo sonará su voz y qué aspecto tendrá su cara una década después.

“Los alumnos nos despertábamos a las 5:00 para practicar antes de las clases escolares, que empezaban a las 8:00, y al terminar algunos se quedaban ensayando hasta las 23:00 para impresionar a los profesores. Los alumnos del grupo B, el menos talentoso, se quedaban dormidos en las esterillas del gimnasio porque eran iguales que las de sus dormitorios. Yo era del grupo A, así que tenía literas” recordó en una entrevista para la BBC Euodias, una aspirante que abandonó su carrera a las puertas de su debut y que asegura que los profesores no llamaban a los alumnos por su nombre de pila sino por su número asignado. “Yo tengo suerte porque me eché para atrás a los 18, pero muchos de mis compañeros lo dejaron todo y se encontraron a los 21 sin carrera musical y sin cualificaciones académicas,” añadió la joven.

Los padres deben solicitar permiso anticipado para visitar a sus hijos. Tirar la toalla no es una opción no solo por la vergüenza que eso causaría en su familia, sino porque tendrían que pagar los gastos de su formación hasta entonces como penalización. La única forma de salir de una academia es convertido en una estrella o fracasando en el intento. Una vez al mes, los ejecutivos de la compañía evalúan el progreso de los alumnos y expulsan a los que no cumplen las expectativas. Pero los que sí consiguen graduarse son máquinas perfectas de hacer pop con una energía entusiasta que jamás flaquea (tienen cámaras apuntándoles constantemente) y unas coreografías sincronizadas que les hacen parecer clones digitales. “Solíamos practicar bailes con pesas de 4 kilos atadas a los tobillos durante días, para así acostumbrarnos a ese peso y que después nuestros movimientos resultasen más ligeros” confesó a Insider un joven llamado Way, de la banda Crayon Pop.

Los alumnos se pesan cada mañana y cada noche, y un profesor va diciendo su peso en voz alta. Si sobrepasa su peso ideal le darán agua en vez de comida. Las chicas se someten a regímenes como la dieta del vaso de papel (solo pueden comer alimentos que quepan en un vasito de papel), la del pepino (alimentarse exclusivamente de pepino hasta que alcancen su peso deseado) o la del hielo (no comer en absoluto y, cuando les entre hambre, masticar un hielo). “Hasta las chicas más escuálidas parecen rechonchas en cámara”, se lamentó en el canal canadiense CBC una aspirante anónima que se alimenta de agua y café. “Tu cuerpo no debe tener grasa para dar bien en cámara”. La cantante de Oh My Girl JinE tuvo que tomarse un periodo de descanso cuando la anorexia le llevó a pesar poco más de 30 kilos con una estatura de 159 centímetros. Sojung, de Ladies' Code, contó que su dieta diaria consistía en una naranja, 15 tomates cherry y un trozo de calabaza y que llevaba un año sin tener la regla. Tiffany, de Girls' Generation, confesó que, con 48 kilos y 162 centímetros, sus compañeras se metían con ella llamándola cerda.

“Perder peso hace que tus ojos y tu nariz sobresalgan más, y por tanto te vuelves más destacable del resto”, asegura el maquillador Park So-jung. El objetivo es que las chicas tengan aspecto de muñecas a la disposición del consumidor: sus largas piernas y sus caras simétricas alimentan la fantasía de la Lolita oriental, con una actitud sumisa e infantil que pretende que su erotismo parezca accidental e inconsciente. Un miembro de Super Junior exclamó que los cuerpos de las integrantes de Girls' Generation “no les pertenecen a ellas, son tesoros de la nación”.

Para alcanzar esa imagen, las academias animan a sus alumnas a someterse a cirugías plásticas. Corea del Sur es el país con más operaciones estéticas del mundo (el 50% de las mujeres entre 20 y 30 años se ha retocado), porque no hay estigma social alguno: modificar tu aspecto para alcanzar la belleza es considerado un sacrificio digno y un símbolo de estatus. Las operaciones más habituales entre las aspirantes a ídolos son en el párpado, en los pómulos, en la nariz y en la barbilla. Todas con el objetivo de parecer más caucásicas. La cirugía en los párpados es un regalo de graduación habitual de los padres surcoreanos a sus hijos cuando terminan el instituto.

La obsesión de la nación con el k-pop se está extendiendo al resto del planeta. Es el sexto mercado musical del mundo y lleva una década creciendo en torno al 15% anualmente. Solo en 2019 los beneficios aumentaron en un 50% gracias, sobre todo, a BTS y a BlackPink. El sexto disco de BTS, Map of the Soul: Persona, vendió más de tres millones de copias en Corea del sur (el país tiene 50 millones de habitantes) durante su primer mes de lanzamiento. Su gira de 2019 fue la tercera más exitosa del año en todo el mundo. Son el artista más mencionado en Twitter. El videoclip de Dynamite recibió el récord de 101 millones de visitas en 24 horas: en el top 20 de vídeos más vistos en YouTube en su día de estreno hay cinco de BTS y cinco de BlackPink (ellas ostentaron el récord durante un par de meses con How You Like That: 86 millones de visitas en un día). Uno de cada 13 turistas en Corea del sur señala a BTS como el motivo principal de su visita. Al generar 4.500 millones de euros anuales, BTS supone un 0,3% del producto interior bruto de su país.

El fenómeno del k-pop ha sido utilizado por el gobierno como un arma diplomática. En 2013 el presidente Park Geun-hye declaró en su discurso inaugural que “en el siglo XXI, la cultura es poder”. La banda EXO actuó para Donald Trump (su contrato, claro, les impedía declinar la invitación, considerada un honor al estar sirviendo a su país). Red Velvet ejercieron como embajadores de buena voluntad con un concierto en Corea del norte para Kim Jong-un. Barack Obama aplaudió, durante un discurso en la Conferencia de Liderazgo Asiático de 2017, que miles de estadounidenses estuviesen aprendiendo coreano para apreciar las canciones de SHINee. En 2005 el gobierno creó un comité de mil millones de euros para promover el k-pop y se estima que el país recibe cinco dólares por cada dólar invertido. El número de estudiantes extranjeros en Corea del sur ha crecido en un 50% en la última década. Los ídolos, por tanto, son motivo de orgullo nacional y representan un país próspero y cosmopolita pero manteniendo los valores tradicionales de trabajo duro, familia, amistad y amor romántico. Su actitud sobre el escenario es humilde, a diferencia de las estrellas del pop occidentales que exhiben una energía dominante y de superioridad. En los grupos tampoco hay líderes ni se estimulan las identidades individuales, en sintonía con la mentalidad surcoreana de contribuir a la comunidad en vez de perseguir el triunfo individual. Pero esta presión está dejando víctimas por el camino.

Uno de los integrantes de SHINee, Kim Jong-hyun, se suicidó en diciembre de 2017. El cantante había hablado abiertamente sobre su depresión, sobre la angustia de la fama y sobre la necesidad de derribar el estigma surcoreano en torno a la salud mental: buscar tratamiento psicológico o psiquiátrico es percibido como una decisión egoísta que antepone el individuo a la sociedad y, por tanto, es motivo de deshonra familiar porque sugiere debilidad y falta de disciplina. Corea del sur es uno de los países con mayor ratio de suicidios del mundo. La cantante Sulli se quitó la vida tras meses de críticas por haber expresado opiniones feministas, mientras que Goo Hara se suicidó al no soportar los ataques de sus fans por haber denunciado a un exnovio que amenazaba con publicar un vídeo sexual de ambos. Park Kyung, de la banda Block B, ha señalado que la ansiedad y la soledad son sus compañeras de vida. En su nota de suicidio, enviada por WhatsApp a su hermana, Jong-huyn le decía “Dime que lo he hecho bien”.

Porque graduarse en una academia no significa el final de la explotación sino el inicio de otra. Según los contratos de siete años (el gobierno tuvo que regular los denominados “contratos esclavistas”, que hasta 2009 eran de 13 años), el artista no puede expresar opiniones políticas que no sean de patriotismo, ni tener relaciones sentimentales, ni acudir a ningún sitio sin supervisión de la empresa. No puede negarse a asistir a ningún evento ni a patrocinar un producto (las Girls' Generation llegaron a ser imagen de pollos asados). Y por supuesto, no debe cometer ni un solo desliz que corrompa su imagen pura e inocente. Park Bom de 2NE1 fue detenida en el aeropuerto por tráfico de drogas. Aunque se tratase de medicamentos recetados en Estados Unidos, el público no la perdonó y Bom fue despedida.

La cultura confuciana de Corea del Sur exige la sumisión ante la autoridad, en concreto ante la autoridad masculina. Cuando las integrantes de Girls' Generation le hicieron ojitos a un grupo de chicos durante un programa de televisión, el público decidió humillarlas en sus conciertos apagando sus linternas y manteniendo silencio durante su actuación. El presidente de YG llamó a las integrantes de su grupo 2NE1 “muy feas” en un programa de televisión y ellas se echaron a llorar. La cláusula de confidencialidad, además, impide al artista desvelar los entresijos de la industria: el lado oscuro que se conoce del k-pop es solo la punta del iceberg. Pero cada vez se denuncia más en público.

En 2009 el miembro de Super Junior Han Geng demandó a SM por multarle cuando se negaba a participar en algún evento y obligarle a trabajar dos años sin un solo día libre, lo cual le causó una enfermedad en el riñón. Krystal de f(x) se desmaya tan a menudo durante los conciertos que es uno de sus rasgos de identidad. En 2011 tres integrantes de Kara denunciaron que su discográfica les pagaba solo 110 euros al mes a pesar de haber generado cientos de miles en beneficios. (Se estima que las mucho más exitosas Girls' Generation, por el contrario, recibían en torno a un millón al año). El grupo TVXQ también demandó a SM por no dejarles dormir más de cuatro horas diarias y negarse a pagarles si su disco vendía menos de 500.000 copias. Cuando Lee Lang ganó un premio en los Korean Music Awards, aprovechó su discurso de agradecimiento para poner a subasta su trofeo para poder pagar el alquiler.

Prince Mak declaró que los artistas solo reciben un 10% de sus ganancias, a dividir entre los integrantes de la banda, y que de ese 10% hay que descontar los gastos por su formación que están obligadas a pagar con carácter retroactivo: clases, manutención, alojamiento, ropa, dietas y operaciones estéticas. Mak aseguró que tuvo que trabajar durante tres años ininterrumpidamente antes de recibir algo de dinero. La excepción a esta práctica son las tres grandes discográficas (SM, JYP y YG, la creadora de BlackPink, que además prohibe expresamente las operaciones estéticas), que empiezan a pagar a sus estrellas en cuanto debutan y solo tienen que devolver el dinero de su formación si incumplen su contrato. Quejarse, especialmente cuando triunfan, es percibido por la sociedad surcoreana como una debilidad del carácter.

El documental de BlackPink termina con las cuatro chicas comiendo en un restaurante mientras especulan si a los 40 años, tras haberse casado y tenido hijos, estarán en condiciones para afrontar una gira de regreso. Se estima que la vida comercial de un ídolo del k-pop nunca supera los siete años y ellas son perfectamente conscientes de cómo funcionan los ciclos del pop. Al fin y al cabo esa es, literalmente, toda la vida que conocen.

Puedes seguir ICON en Facebook, Twitter, Instagram,o suscribirte aquí a la Newsletter.",2020-10-26 01:00:00,https://imagenes.elpais.com/resizer/vbbLPGKgGpdelmTdi3-b5R_Ejms=/1000x0/cloudfront-eu-central-1.images.arcpublishing.com/prisa/NWMCX6PUWZE2DNJXUVUG5HTWDU.jpg,"dietas, perfección, pop, vigilancia, extremas, leoninos",2020-10-27 01:00:00
https://www.expansion.com/expansion-empleo/empleo/2020/11/13/5fad7ee3e5fdea21618b4627.html?intcmp=WIDPRMPRT,https://www.expansion.com/mercados/cronica-bolsa.html,,Cuáles son los perfiles digitales más demandados y dónde ganan más,"Madrid, Barcelona y Málaga son las ciudades que concentran los profesionales digitales con los salarios más altos.
Los expertos en RPA, no code specialist y service design strategist son algunos de los perfiles más demandados en estos momentos.
No es ningún secreto que los perfiles digitales mantienen el privilegio de estar a la cabeza de los más demandados.
Ahora, además, son más necesarios que nunca e integran un colectivo inmune al impacto del coronavirus en el empleo.
Y mientras el inte","Madrid, Barcelona y Málaga son las ciudades que concentran los profesionales digitales con los salarios más altos. Los expertos en RPA, no code specialist y service design strategist son algunos de los perfiles más demandados en estos momentos.

No es ningún secreto que los perfiles digitales mantienen el privilegio de estar a la cabeza de los más demandados. Ahora, además, son más necesarios que nunca e integran un colectivo inmune al impacto del coronavirus en el empleo. Y mientras el inte",2020-11-13 00:00:00,https://phantom-expansion.unidadeditorial.es/999ecc761f8e3c66d42b3030781b709e/crop/0x0/1018x679/f/webp/assets/multimedia/imagenes/2020/11/12/16052057725669.jpg,"ganan, perfiles, dónde, demandados, digitales, cuáles",2020-11-14 00:00:00
https://elpais.com/espana/madrid/2020-11-09/la-excepcion-madrilena-la-fiesta-no-muere-ni-en-pandemia.html,https://cincodias.elpais.com/tag/ibex_35/,"Berta Ferrero, Fernando Peinado",La excepción madrileña: la fiesta no muere ni en pandemia,"Describe la escena este sábado de puente de la Almudena en Madrid: “Me metí una pepa (pastilla de éxtasis) con otro en el baño.
Copas que empiezan en una terraza tras el almuerzo y que continúan en discotecas como Republik, en Malasaña, que abren a las 18.00, la hora a la que empieza la juerga que antes se reservaba para medianoche.
Madrid confía en la eficacia de su estrategia contra el virus, tolerante con la hostelería, una “fórmula creativa” para salvar las vidas y la economía.
El borracho dando tumbos, la parejita pegándose el lote y las preguntas sobre dónde continuar la fiesta.
Información sobre el coronavirus- Aquí puede seguir la última hora sobre la evolución de la pandemia- Así evoluciona la curva del coronavirus en el mundo- Descárguese la aplicación de rastreo para España- Guía de actuación ante la enfermedad","El DJ apaga la música para dar un aviso. “Por favor, que todo el mundo vaya a su mesa y se ponga la mascarilla. Va a entrar la policía y hay periodistas fuera”. Republik es un club de música electrónica en el centro de Madrid, una de las pocas capitales de Europa donde la fiesta no ha parado. En el momento del anuncio por megafonía, hay jóvenes sin camiseta y sin mascarilla, bailando al ritmo que marca Juseph León. Sudor, gritos, espacio cerrado, gotículas flotando en el aire. Republik reúne los ingredientes para cocinar el virus.

En los baños hay sexo y pastillas, según un chico de 28 años que pide anonimato para no ser señalado. Describe la escena este sábado de puente de la Almudena en Madrid: “Me metí una pepa (pastilla de éxtasis) con otro en el baño. Electrónica, drogas y fiestas como en los tiempos sin pandemia”.

Los agentes de Policía Nacional llegan con las sirenas activadas y entran en fila y con paso firme a las 20.22. Parece la escena de una redada contra un bar clandestino pero, contra todo pronóstico, la visita dura un abrir y cerrar de ojos, no hay multa y a los 15 minutos todo vuelve a la normalidad. “Nos ha entrado una llamada pero todo está en orden”, explica en la puerta una agente que recomienda a los curiosos no entrar porque parece un sitio poco ventilado. “Vosotros os hacéis responsables”.

La policía no puede hacer más porque Republik cumple con una Orden de la Comunidad de Madrid del 14 de octubre que permite al ocio nocturno abrir sus puertas ateniéndose a unas condiciones que pueden ser trampeadas si no hay policía o chivatos. La pista de baile no se puede utilizar, los clientes deben estar distribuidos en mesas y el local debe cerrar a medianoche, cuando empieza el toque de queda. Una hora y media después, no tienen tanta suerte. Los agentes vuelven y, entonces sí, descubren los excesos.

Conforme se acerca el invierno, París, Berlín o Londres han cerrado su vida nocturna, pero la permisiva Madrid la ha trasladado a la tarde. Confía en que empresarios del ocio y ciudadanos que buscan diversión pueden comportarse con responsabilidad. En las calles del centro se mezclan durante el fin de semana familias de compras y jóvenes que van de bar en bar. Lo que antes se conocía como “tardeo”, ahora es la norma. Copas que empiezan en una terraza tras el almuerzo y que continúan en discotecas como Republik, en Malasaña, que abren a las 18.00, la hora a la que empieza la juerga que antes se reservaba para medianoche.

Las discotecas saben que se les vigila. Republik es una entre tantas que ofrece música de baile y desde el mes pasado también comida, una concesión extraordinaria de la Comunidad para que aumenten sus ingresos durante la pandemia. Independence, Teatro Gran Maestre, Chanoe, Kabaret 3.0, Avenue Madrid anuncian su oferta en redes sociales. Pero no es tan fácil entrar. Los porteros miran con recelo a los desconocidos y ponen excusas como que hay que reservar con antelación. Entre ellos comparten una lista negra de periodistas con sus fotos. Antes de que llegue la policía a Republik, hay en la puerta una cámara de televisión y varios reporteros que han oído que esta sala se salta las normas.

La gente avisa a la policía. Vencer al virus es un esfuerzo colectivo y duele que el sacrificio de muchos sea inútil por la irresponsabilidad de unos pocos. Unas jóvenes que ven a los periodistas delante de Republik dicen que van camino de la comisaría para denunciar al bar El Tigre del Norte, en el barrio de Chueca. Han salido espantadas porque no se respeta el aforo. Suena reggaeton y como no hay espacio la gente está de pie compartiendo mesas. Casi nadie tiene mascarillas.

“Me indigna porque yo estudio teatro musical y no nos quitamos las mascarillas ni para comer”, dice una chica de unos 20 años.

En tiempos normales El Tigre del Norte tiene un aforo permitido de 112 personas y ahora las normas de la Comunidad lo han reducido a la mitad. El bar tiene un portero para regular la entrada pero, aunque el espacio está abarrotado, deja pasar sin poner pegas. Desde la barra, un camarero ve a los recién llegados y les pregunta qué van a pedir. Al ordenar dos cervezas (seis euros) sirve de extra un plato a rebosar de lacón a la gallega, croquetas, patatas fritas y jamón. “Al fondo, al fondo encontráis sitio. Hay ventilación, tranquilos”, ordena levantando la voz por encima de la música y el griterío. Nada más lejos de la realidad. No cabe ni un alfiler.

Madrid confía en la eficacia de su estrategia contra el virus, tolerante con la hostelería, una “fórmula creativa” para salvar las vidas y la economía. El alcalde, José Luis Martínez Almeida, animó el viernes a consumir “cañitas” y la presidenta, Isabel Díaz Ayuso, dijo que era “impensable” cerrar la hostelería.

Muchos bares y restaurantes se esfuerzan por respetar las medidas, pero parece imposible poner ojos vigilantes en todos los negocios del sector en la Comunidad, que antes de la pandemia sumaban más de 31.000.

La policía no para de patrullar zonas de ocio. Por los bajos de Azca, el lugar de salida en la capital de miles de universitarios, pasa un coche de policía prácticamente cada media hora. Apenas hay ambiente en la calle. Muchas discotecas permanecen cerradas y casi todas las que están abiertas aseguran que tienen el aforo completo.

Una de ellas, Center Mambo Latino, tiene espacio. Dentro, una treintena de jóvenes toman sus copas de whisky y cachimbas en grupos de no más de seis personas, recostados en sofás. Al entrar, el portero toma la temperatura y ofrece gel hidroalcohólico. De vez en cuando la discoteca recuerda por megafonía que no se olviden de la pandemia: “Ayúdanos a protegerte. La dirección agradece tu colaboración. Gracias”.

Enfrente del Mambo Latino, un empresario de la zona come una hamburguesa en la puerta de su local. Se llama Chungki Ji, alias Juan, y se lamenta porque se está arruinando. Abre el Tokyo Bar Disco Pub solo porque necesita reducir pérdidas. Paga 2.000 euros de alquiler y hay noches como la del viernes en las que solo hace caja de 50 euros.

Según él, es mejor la fórmula creativa de Madrid que el cierre del ocio impuesto en otros países y las comunidades españolas de Asturias, Castilla y León, Navarra, Murcia, Galicia y Cataluña. “Si no, los jóvenes quemarán contenedores”, explica.

Cuando se acerca la medianoche se ven en Azca escenas típicas del amanecer. El borracho dando tumbos, la parejita pegándose el lote y las preguntas sobre dónde continuar la fiesta. Un grupo de tres jóvenes, de 19 y 20 años, termina sus copas en la terraza de un bar y se dispone a volver a casa. No conocen ninguna discoteca que siga abierta más allá de las 00.00 de forma clandestina, así que la única alternativa es averiguar quién convierte su piso en un after.

Ricardo, un estudiante de publicidad de 20 años, se va a casa. Dice que se toma el virus en serio. “Tengo dos familiares cercanos que han muerto y no me la quiero jugar”.

Sus amigos del colegio, Carlos, estudiante de derecho y finanzas, y Gonzalo, de ingeniería de datos, opinan como él. Les molesta el estereotipo de jóvenes egoístas e incívicos. Carlos calcula que solo un 5% se porta mal. Cuando el bar ya echa el cierre, un grupo de tres chicas se levanta de su mesa para animar a los chicos a ir a un piso en la plaza de Castilla. Hay división de opiniones.

Ahí es cuando unos son más responsables que otros.

Información sobre el coronavirus

- Aquí puede seguir la última hora sobre la evolución de la pandemia

- Así evoluciona la curva del coronavirus en el mundo

- Descárguese la aplicación de rastreo para España

- Guía de actuación ante la enfermedad",2020-11-09 01:00:00,https://imagenes.elpais.com/resizer/anfTJw-VAu1Of9V-4RVk0JTIV1Y=/1000x0/cloudfront-eu-central-1.images.arcpublishing.com/prisa/6PN4M77WCZD5FG3YHZUHTZONZ4.jpeg,"pandemia, fiesta, muere, madrileña, excepción",2020-11-10 01:00:00
http://cincodias.elpais.com/cincodias/2020/10/08/companias/1602173802_464786.html,https://cincodias.elpais.com/tag/ibex_35/,Carlos Molina,"Home Away gana 1,3 millones y vuelve a beneficios en España","Home Away, filial de la estadounidense Expedia que ahora trabaja con la marca Vrbo, volvió a tener beneficios en España.
En concreto, la facturación escaló un 8% hasta los 33 millones de euros, aunque con un profundo cambio en el origen de las ventas, ya intuido en 2018.
De los 33 millones de facturación, 29,5 millones correspondieron a la UE, 2,3 millones al resto fuera de la UE y apenas 1,1 millones a España, frente a los 4,07 millones de 2018.
Al cierre de 2019, el activo total fue de 20,5 millones de euros, de los que 14,1 millones son activos corrientes y 6,4 millones son activos no corrientes.
Al principio de la crisis, Expedia también tuvo que salir al mercado para lograr financiación con la que combatir la falta de ingresos.","Home Away, filial de la estadounidense Expedia que ahora trabaja con la marca Vrbo, volvió a tener beneficios en España. En 2019 ganó 1,3 millones de euros, según las cuentas depositadas recientemente en el Registro Mercantil, y regresó a números negros, tras presentar unas pérdidas de 849.000 euros en 2018, como consecuencia del incremento de los costes salariales en 6 millones de euros, entre 120 nuevas contrataciones (en 2019 apenas se incorporaro 14 personas) e indemnizaciones, y del deterioro cercano a los 4 millones de euros registrado por el inmovilizado material.

La cifra de negocio de Vrbo en España volvió a crecer por segundo año consecutivo. En concreto, la facturación escaló un 8% hasta los 33 millones de euros, aunque con un profundo cambio en el origen de las ventas, ya intuido en 2018. Desde esa fecha, el negocio dirigido anteriormente desde España pasó a depender de Vrbo en Holanda, lo que provocó que la facturación procedente de la Unión Europea se cuadruplicara hasta los 24,7 millones de euros. Doce meses después, ese nuevo reparto se ha acentuado. De los 33 millones de facturación, 29,5 millones correspondieron a la UE, 2,3 millones al resto fuera de la UE y apenas 1,1 millones a España, frente a los 4,07 millones de 2018.

Pero si el peso de España en la facturación se ha reducido drásticamente, no ha sucedido lo mismo con su contribución a través del pago del impuesto de sociedades, que grava los beneficios empresariales. En 2019, la factura abonada por este gravamen rozó los 811.000 euros frente a los 325.327 abonados doce meses antes. Pese a que Vrbo utiliza el mismo ardid que Airbnb facturando servicios no turísticos a otras empresas del grupo Expedia, paga casi diez veces más que Airbnb (86.000 euros), aunque su facturacion solo multiplica por cinco la del gigante de los pisos para turistas (30,6 millones para Vrbo frente a 5,7 para Airbnb en 2018, último período comparable).

El beneficio registrado en 2019 se destinará íntegramente a reservas voluntarias. Al cierre de 2019, el activo total fue de 20,5 millones de euros, de los que 14,1 millones son activos corrientes y 6,4 millones son activos no corrientes. En cuanto al pasivo total ascendió a 4,2 millones, arrojando un saldo de 16,3 millones de patrimonio neto.

Expedia, la matriz de Vrbo, ha tenido que afrontar una serie de ajustes desde marzo para afrontar la caída de la demanda por la crisis sanitaria del coronavirus. Ya en febrero anunció la supresión de 3.000 empleos, incluidos alrededor de 500 en su sede central de Seattle (EE UU), con el objetivo de reducir costes simplificando su organización “inflada”. El gigante de los viajes anunció por correo electrónico el ajuste a sus 25.400 empleados en todo el mundo.

Al principio de la crisis, Expedia también tuvo que salir al mercado para lograr financiación con la que combatir la falta de ingresos. En abril levantó 2.950 millones de euros, de los que 1.250 millones proceden de la compra de acciones de los fondos Apollo Global Management y Silver Lake, mientras que 1.700 millones fueron aportados como nueva deuda financiada.",2020-10-08 02:00:00,https://d500.epimg.net/cincodias/imagenes/2020/10/08/companias/1602173802_464786_1602173929_rrss_normal.jpg,"away, 13, euros, gana, vuelve, vrbo, millones, españa, beneficios",2020-10-09 14:00:00
https://www.hosteltur.com/140965_vuelven-las-reclamaciones-falsas-ahora-son-peticiones-de-reembolso.html,https://www.hosteltur.com/tag/ibex-35,,Vuelven las reclamaciones falsas: ahora son peticiones de reembolso,"Los profesionales ven mermar más aún de lo que ya sufren sus cuentas porque las compañías de las tarjetas de crédito les cobran indebidamente estas cantidades.
La agente registró un cargo en su cuenta después de que hacía semanas que ya había hecho el reembolso a ese viajero.
Tras ello, Worldpay ha cerrado su caso, dando la razón a la cliente -que aduce que no recibió el servicio pagado y desconocía las condiciones de la cancelación-.
En una publicación en el grupo de Facebook Travel Gossip, una agente aseguró que había perdido tres apelaciones, pero logró recuperar el dinero de dos clientes.
Uno había solicitado el dinero, a pesar de que solo había aplazado sus vacaciones y otro aceptó un bono, pero aun así envió una solicitud de reembolso.","Agentes británicos están denunciando el abuso por parte de clientes que ya recibieron reembolsos por sus vacaciones o anularon antes de abonarlas y que han presentado reclamaciones para ser indemnizados de nuevo o sin corresponder. Los profesionales ven mermar más aún de lo que ya sufren sus cuentas porque las compañías de las tarjetas de crédito les cobran indebidamente estas cantidades.

Algunos agentes han iniciado medidas legales para hacer frente a esta nueva versión de las reclamaciones falsas, que ya impactó sobre el mercado hotelero español y las agencia británicas desde 2016 especialmente, cuando algunos clientes alegaban enfermedades que nunca habían sufrido durante su estancia para cobrar indemnizaciones, instigados por bufetes sin escrúpulos.

La publicación Travelmole menciona a una agente que ya ha denunciado a un cliente ante Action Fraud, un centro oficial nacional en Reino Unido que recoge las reclamaciones por fraude y especialmente en caso de cibercrimen. La agente registró un cargo en su cuenta después de que hacía semanas que ya había hecho el reembolso a ese viajero.

Otra agente está pensando demandar a una cliente que reclamó una devolución de 350 libras tras el colapso de la línea de cruceros CMV, ocurrida en agosto, cuando dicha cliente ya había cancelado su viaje en marzo. Esta trabajadora, de la agencia Waltham Travel, situada en Lincolnshire, vio como Worldpay le había cobrado dicha cantidad, incluso a pesar de que envió una carta con la documentación donde se veía que la cliente había firmado el contrato en el que se explica que no tenía derecho a esa devolución de ese depósito si cancelaba.

Incluso envió a Worldpay justificante de haber pagado a la compañía de cruceros el depósito, y consiguió que la compañía de pagos le devolviera las 350 libras, que luego volvieron a cobrarle porque la cliente volvió a reclamarlas. Tras ello, Worldpay ha cerrado su caso, dando la razón a la cliente -que aduce que no recibió el servicio pagado y desconocía las condiciones de la cancelación-. La agente británica ha decidido escribir a la cliente para avisarle de que, si no le devuelve el dinero, la denunciará ante el tribunal de delitos menores.

La desgracia de la profesional no se para aquí, también le han cobrado otras 3.000 libras de parte de unos clientes que compraron un viaje a Estados Unidos, a los que asegura que reembolsó dicha cantidad e incluso se lo agradecieron el 22 de octubre, para luego volver a reclamarla el 7 de noviembre.

""Creo que los clientes no se dan cuenta de que es el agente el que tienen que pagar este dinero, piensan que son los bancos quienes pagan y no les importa que sea un fraude"", explica la agente de Lincolnshire

Numerosos agentes aseguran que han recibido este tipo de reclamaciones e incluso la compañía de pagos les ha dado la razón, y han recuperado el dinero para luego volvérselo a cobrar. Otros dicen que directamente han fallado en su contra, a pesar de haber aportado pruebas de haber hecho antes los reembolsos.

En una publicación en el grupo de Facebook Travel Gossip, una agente aseguró que había perdido tres apelaciones, pero logró recuperar el dinero de dos clientes. Uno había solicitado el dinero, a pesar de que solo había aplazado sus vacaciones y otro aceptó un bono, pero aun así envió una solicitud de reembolso.

Entre 2016 y 2018 el sector enfrentó un grave problema por las reclamaciones falsas, que fueron reduciéndose paulatinamente con las medidas adoptadas por las compañías para defenderse y especialmente tras fallos contundentes que acabaron incluso con penas de cárcel y fuertes multas e y algunas medidas gubernamentales en Reino Unido (Ver por ejemplo: Cárcel para una familia que hizo una reclamación falsa contra Jet2Holidays, Cárcel para la pareja de Liverpool que quiso timar a Thomas Cook y Prohibición de las 'cold calls', nuevo paso contra las reclamaciones falsas). Cabe preguntarse qué podría haber detrás de esta nueva tendencia con los reembolsos.

Puede visitar el artículo de referencia en Travelmole.",,https://static.hosteltur.com/app/public/uploads/img/articles/2020/12/03/M_203549_fraud.jpg,"ahora, reembolso, falsas, reclamaciones, peticiones, vuelven",2020-12-04 00:00:00
